Business Name,Address,City,State,ZIP,Phone,Website,Contact Name,Source,Subcontractor #,Expiration Date,Work Categories
"KINSEL TRKG & EXCVTG, LLC",1675 E Walnut St,Canton,IL,61520-2381,309-647-2511,,,IDOT Subcontractor List (Dec 2025),18441,11/13/2026,Demolition; Drainage; Earthwork; Landscaping; Soil Stabilization and Modification; Tree Trimming and Selective Tree Removal
1ST CHOICE LAWN SERVICE INC.,263 Hampton Rd,Sugar Grove,IL,60554,630 466-3707,,,IDOT Subcontractor List (Dec 2025),17629,02/10/2026,Landscaping; Seeding & Sodding; Soil Stabilization and Modification; Vegetation Spraying
"A & W PLUMBING & HEATING, INC.",11 Alliance Ave,Murphysboro,IL,62966-3943,618-687-5862,,,IDOT Subcontractor List (Dec 2025),16824,08/07/2026,Concrete Construction; Demolition; Drainage; Earthwork; Other; Painting and Cleaning; Seeding & Sodding
A&A CONCRETE LLC,3107 N. Lincoln Avenue,Urbana,IL,60949,217-643-8233,,,IDOT Subcontractor List (Dec 2025),16654,04/01/2026,"Aggregate Bases and Surfaces; Concrete Construction; Earthwork; Pavement Patching; Sawing Cutting; Seeding & Sodding; Steel, Reinforcement (Rebar Placement)"
"A. HORN, INC.",125 Harrison Street,Barrington,IL,60010,(847) 382-4170,,,IDOT Subcontractor List (Dec 2025),14068,02/11/2026,Demolition; Landscaping; Other
AAA SILT FENCING INC.,400 E. Wapella Street,Minooka,IL,60447,(630) 399-5711,,,IDOT Subcontractor List (Dec 2025),12819,02/10/2026,Earthwork; Fencing; Landscaping; Other; Seeding & Sodding; Soil Stabilization and Modification
"ABBOTT TREE CARE PROFESSIONALS, LLC",P. O. Box 249,Wayne,IL,60184,(630) 681-8733,,,IDOT Subcontractor List (Dec 2025),11693,02/10/2026,Landscaping; Tree Trimming and Selective Tree Removal
ABI CONSTRUCTION LLC,1N069 Harriet St.,Carol Stream,IL,60188,630-233-4957,,,IDOT Subcontractor List (Dec 2025),16786,02/11/2026,"Aggregate Bases and Surfaces; Cold Milling, Planing and Roto Milling; Concrete Construction; Cover and Seal Coats; Demolition; Drainage; Earthwork; Installation of Raised Pavement Markers; Landscaping; Pavement Patching; Sawing Cutting; Seeding & Sodding; Steel, Reinforcement (Rebar Placement)"
ADRIATICA CONSTRUCTION COMPANY,42w312 Keslinger Rd,Elburn,IL,60119,(630) 310-7507,,,IDOT Subcontractor List (Dec 2025),17115,02/27/2026,Aggregate Bases and Surfaces; Drainage; Earthwork; Landscaping; Traffic Control
ALEXANDER BROTHERS CONSTRUCTION CORP,P.O. Box 1508,Peoria,IL,61655,(309) 453-3091,,,IDOT Subcontractor List (Dec 2025),10677,05/01/2026,"Aggregate Bases and Surfaces; Cold Milling, Planing and Roto Milling; Concrete Construction; Cover and Seal Coats; Demolition; Drainage; Earthwork; Electrical; Erection; Fencing; Guardrail; Installation of Raised Pavement Markers; Landscaping; Other; Painting and Cleaning; Pavement Markings; Pavement Patching; Sawing Cutting; Seeding & Sodding; Signing; Soil Stabilization and Modification; Steel, Reinforcement (Rebar Placement); Traffic Control; Tree Trimming and Selective Tree Removal; Vegetation Spraying"
ALLIED LANDSCAPING CORPORATION,3197 S CHICAGO ST,JOLIET,IL,60436,(815) 722-3924,,,IDOT Subcontractor List (Dec 2025),14454,03/04/2026,Landscaping
"ALVAREZ, INC.",15N497 Old Sutton Road,Barrington,IL,60010,(847) 551-1105,,,IDOT Subcontractor List (Dec 2025),11789,03/07/2026,Earthwork; Fencing; Landscaping; Painting and Cleaning; Seeding & Sodding; Soil Stabilization and Modification; Tree Trimming and Selective Tree Removal; Vegetation Spraying
AMERICAN DIRT COMPANY LLC,1146 Motz Street,Elburn,IL,60119,630-768-7104,,,IDOT Subcontractor List (Dec 2025),18404,08/28/2026,"Aggregate Bases and Surfaces; Cold Milling, Planing and Roto Milling; Concrete Construction; Cover and Seal Coats; Demolition; Drainage; Earthwork; Fencing; Landscaping; Pavement Markings; Pavement Patching; Sawing Cutting; Seeding & Sodding"
AMERICAN TREE SERVICE LLC,5711 Emerson Road,Sterling,IL,61081,815-622-8349,,,IDOT Subcontractor List (Dec 2025),18323,05/06/2026,Tree Trimming and Selective Tree Removal
AMPOL GROUP INTERNATIONAL INC,521 Santa Rosa Dr,Des Plaines,IL,60018,(773) 895-0903,,,IDOT Subcontractor List (Dec 2025),18271,03/20/2026,"Concrete Construction; Cover and Seal Coats; Demolition; Drainage; Electrical; Fencing; Guardrail; Landscaping; Painting and Cleaning; Pavement Markings; Pavement Patching; Sawing Cutting; Steel, Reinforcement (Rebar Placement)"
"AMRENT CONTRACTING, INC. DBA ACI X","P.O. BOX 315, 3981 STATE RT 3 NORTH",CHESTER,IL,62233,(618) 826-2854,,,IDOT Subcontractor List (Dec 2025),13112,02/18/2026,"Aggregate Bases and Surfaces; Cold Milling, Planing and Roto Milling; Concrete Construction; Drainage; Earthwork; Erection; Pavement Patching; Sawing Cutting; Seeding & Sodding"
ANA'S LANDSCAPING LLC,4322 S Richmond St,Chicago,IL,60632,(773) 677-8143,,,IDOT Subcontractor List (Dec 2025),17899,09/20/2026,Landscaping; Seeding & Sodding; Soil Stabilization and Modification
ARCHON CONSTRUCTION CO. INC.,563 S. Route 53,Addison,IL,60101,(630) 495-0015,,,IDOT Subcontractor List (Dec 2025),11424,02/21/2026,Concrete Construction; Drainage; Earthwork; Landscaping; Sawing Cutting; Seeding & Sodding
ARTEAGA LANDSCAPES & EROSION CONTROL LLC,33326 N Fairfield Rd,Round Lake,IL,60073,224-444-8675,,,IDOT Subcontractor List (Dec 2025),16338,03/04/2026,Earthwork; Landscaping; Seeding & Sodding; Soil Stabilization and Modification; Tree Trimming and Selective Tree Removal; Vegetation Spraying
ASE ILLINI-SCAPES INC,PO Box 1093,Oswego,IL,60543,(815) 355-3422,,,IDOT Subcontractor List (Dec 2025),15266,03/05/2026,Landscaping; Seeding & Sodding; Vegetation Spraying
"ASSOCIATED SERVICES ENTERPRISE, LLC",841 N. Galena Ave.,Dixon,IL,61021,(815) 288-6231,,,IDOT Subcontractor List (Dec 2025),17140,02/10/2026,Aggregate Bases and Surfaces; Concrete Construction; Demolition; Drainage; Fencing; Guardrail; Landscaping; Pavement Patching; Seeding & Sodding; Signing
BARRACUDA PLUMBING INC,712 N. ARDMORE AVE,VILLA PARK,IL,60181,(773) 799-5915,,,IDOT Subcontractor List (Dec 2025),18333,05/15/2026,"Aggregate Bases and Surfaces; Cold Milling, Planing and Roto Milling; Concrete Construction; Cover and Seal Coats; Demolition; Drainage; Earthwork; Erection; Fencing; Guardrail; Landscaping; Other; Pavement Markings; Pavement Patching; Sawing Cutting; Seeding & Sodding; Soil Stabilization and Modification; Steel, Reinforcement (Rebar Placement); Tree Trimming and Selective Tree Removal; Vegetation Spraying"
BEVERLY ENVIRONMENTAL LLC,16504 S Dixie Hwy,Markham,IL,60428,(708) 516-7826,,,IDOT Subcontractor List (Dec 2025),14531,02/10/2026,Landscaping; Seeding & Sodding; Tree Trimming and Selective Tree Removal; Vegetation Spraying
BLUE SPRUCE TREE CARE & CONSTRUCTION INC.,57 s baima st,Coal City,IL,60416,(815) 931-2064,,,IDOT Subcontractor List (Dec 2025),18360,06/23/2026,Tree Trimming and Selective Tree Removal
BMI CONTRACTORS AND ASSOOCIATES,1123 MacQueen ave,Peoria,IL,61604,(309) 657-4469,,,IDOT Subcontractor List (Dec 2025),15539,02/26/2026,Aggregate Bases and Surfaces; Concrete Construction; Demolition; Drainage; Earthwork; Fencing; Landscaping; Pavement Patching; Sawing Cutting; Soil Stabilization and Modification
BNH WORKS,1647 N Central Park Ave,Chicago,IL,60647,312-672-9652,,,IDOT Subcontractor List (Dec 2025),18357,06/23/2026,Concrete Construction; Demolition; Fencing; Landscaping; Painting and Cleaning; Tree Trimming and Selective Tree Removal
"BNK 1987, LLC",3730 E Mozart Rd,Woodlawn,IL,62898,(618) 322-2582,,,IDOT Subcontractor List (Dec 2025),18135,02/12/2026,"Aggregate Bases and Surfaces; Concrete Construction; Demolition; Drainage; Earthwork; Electrical; Fencing; Guardrail; Landscaping; Painting and Cleaning; Sawing Cutting; Seeding & Sodding; Soil Stabilization and Modification; Steel, Reinforcement (Rebar Placement); Tree Trimming and Selective Tree Removal; Vegetation Spraying"
BOST EXCAVATING INC.,163 Jamestown Rd,Pocahontas,IL,62275,(618) 781-8221,,,IDOT Subcontractor List (Dec 2025),17665,02/17/2026,Demolition; Earthwork; Tree Trimming and Selective Tree Removal
"BREWSTER COMPANIES, INC",6321 East Main St.,Maryville,IL,62062,(618) 344-4468,,,IDOT Subcontractor List (Dec 2025),14446,02/19/2026,"Aggregate Bases and Surfaces; Cold Milling, Planing and Roto Milling; Concrete Construction; Demolition; Drainage; Earthwork; Landscaping; Other; Sawing Cutting; Seeding & Sodding; Soil Stabilization and Modification; Tree Trimming and Selective Tree Removal"
BRIAN MOSER  DBA MOSER TRUCKING,2258 N 2600 EAST RD,STRAWN,IL,61775-4044,(217) 841-8757,,,IDOT Subcontractor List (Dec 2025),18212,03/03/2026,"Aggregate Bases and Surfaces; Cold Milling, Planing and Roto Milling; Concrete Construction; Demolition; Drainage; Earthwork; Landscaping; Other; Pavement Patching; Soil Stabilization and Modification"
BRUSH BUSTERS INC,2725 Old Metropolis Road,Vienna,IL,62995,(270) 217-0998,,,IDOT Subcontractor List (Dec 2025),17692,02/11/2026,Demolition; Earthwork; Fencing; Landscaping; Other; Seeding & Sodding; Soil Stabilization and Modification; Tree Trimming and Selective Tree Removal
BUCK CONSTRUCTION`,1165 Zola Road,Harrisburg,IL,62946,(618) 499-8286,,,IDOT Subcontractor List (Dec 2025),18067,02/10/2026,Drainage; Earthwork; Electrical; Fencing; Landscaping; Painting and Cleaning; Pavement Patching; Soil Stabilization and Modification
BUCKLEY'S PRAIRIE LANDSCAPING,3735 Chatham Road,Springfield,IL,62704,217-787-5033,,,IDOT Subcontractor List (Dec 2025),17505,02/10/2026,Landscaping; Other; Seeding & Sodding
BUDDY'S GROUNDS MAINTENANCE INC.,PO Bx 1125,Bloomington,IL,61702,(309) 824-9211,,,IDOT Subcontractor List (Dec 2025),11116,02/11/2026,Landscaping; Seeding & Sodding
BUDDY'S LANDSCAPE- CONSTRUCTION INC.,P.O. Box 607,Forest Park,IL,60130,(312) 504-1455,,,IDOT Subcontractor List (Dec 2025),13341,03/03/2026,Landscaping; Seeding & Sodding
BUNTJER BROS. INC.,23195 Hazel Road,Sterling,IL,61081,(815) 440-1057,,,IDOT Subcontractor List (Dec 2025),17160,02/28/2026,Landscaping; Seeding & Sodding; Soil Stabilization and Modification
BURNIN DAYLIGHT OUTDOORS LLC,3730 E Mozart Rd,Woodlawn,IL,62898,(618) 322-6790,,,IDOT Subcontractor List (Dec 2025),18337,05/23/2026,"Aggregate Bases and Surfaces; Concrete Construction; Demolition; Drainage; Earthwork; Fencing; Guardrail; Landscaping; Other; Painting and Cleaning; Sawing Cutting; Seeding & Sodding; Soil Stabilization and Modification; Steel, Reinforcement (Rebar Placement); Traffic Control; Tree Trimming and Selective Tree Removal; Vegetation Spraying"
"C & D RECYCLING SERVICES, INC.",850 Walter Drive,New Lenox,IL,60451,815-955-0902,,,IDOT Subcontractor List (Dec 2025),18103,02/20/2026,Concrete Construction; Demolition; Drainage; Earthwork; Landscaping; Other; Pavement Patching; Sawing Cutting; Seeding & Sodding; Tree Trimming and Selective Tree Removal
CARDINAL STATE LLC,1719 Spring Creek Road,Barrington Hills,IL,60010,(630) 320-9257,,,IDOT Subcontractor List (Dec 2025),16870,02/18/2026,Drainage; Earthwork; Landscaping; Seeding & Sodding; Soil Stabilization and Modification; Tree Trimming and Selective Tree Removal; Vegetation Spraying
CARSON EXCAVATING LLC,4736 E Golike Ln,Bethalto,IL,62010,(618) 781-5982,,,IDOT Subcontractor List (Dec 2025),16732,03/05/2026,Aggregate Bases and Surfaces; Concrete Construction; Demolition; Drainage; Earthwork; Landscaping; Sawing Cutting; Seeding & Sodding; Soil Stabilization and Modification; Tree Trimming and Selective Tree Removal
CARTER X LLC,7 Williamson Dr,Fairfield,IL,62837,(618) 842-2022,,,IDOT Subcontractor List (Dec 2025),16073,02/14/2026,Aggregate Bases and Surfaces; Demolition; Drainage; Earthwork; Fencing; Seeding & Sodding; Tree Trimming and Selective Tree Removal
CENTRAL ILLINOIS CONCRETE,19531 Hunt Rd,Petersburg,IL,62675,(217) 588-9869,,,IDOT Subcontractor List (Dec 2025),17989,03/20/2026,"Aggregate Bases and Surfaces; Concrete Construction; Demolition; Drainage; Earthwork; Other; Pavement Patching; Sawing Cutting; Signing; Soil Stabilization and Modification; Steel, Reinforcement (Rebar Placement); Tree Trimming and Selective Tree Removal"
"CENTRAL ILLINOIS EROSION SERVICES, INC.",1932 County Road 3000 N,RANTOUL,IL,61866,(217) 419-2900,,,IDOT Subcontractor List (Dec 2025),14881,07/11/2026,Concrete Construction; Demolition; Drainage; Earthwork; Fencing; Guardrail; Installation of Raised Pavement Markers; Landscaping; Other; Sawing Cutting; Seeding & Sodding
CENTRAL LANDSCAPING,12512 West Mendell Road,Princeville,IL,61559,(309) 385-4832,,,IDOT Subcontractor List (Dec 2025),10099,05/01/2026,Landscaping; Other; Seeding & Sodding; Vegetation Spraying
"CENTRAL LAWN SPRINKLERS, INC.",239 King Street,Elk Grove Village,IL,60007,(847) 364-6900,,,IDOT Subcontractor List (Dec 2025),10454,02/11/2026,Drainage; Landscaping; Other
CENTRAL SEWER AND WATER LLC,1195 State Hwy 32,Sullivan,IL,61951,217-620-1144,,,IDOT Subcontractor List (Dec 2025),18150,03/03/2026,Demolition; Drainage; Earthwork; Other; Seeding & Sodding; Tree Trimming and Selective Tree Removal
"CENTRAL TREE, LLC",14N705 US Highway 20,Pingree Grove,IL,60140,(847) 989-9048,,,IDOT Subcontractor List (Dec 2025),15523,02/11/2026,Demolition; Landscaping; Other; Soil Stabilization and Modification; Tree Trimming and Selective Tree Removal; Vegetation Spraying
CHRISTIAN CORNELIOUS GARDNER SOLE MBR,325 S. WHIPPLE STREET,CHICAGO,IL,60612,(708) 768-1850,,,IDOT Subcontractor List (Dec 2025),18284,03/31/2026,"Aggregate Bases and Surfaces; Concrete Construction; Drainage; Earthwork; Electrical; Erection; Fencing; Landscaping; Painting and Cleaning; Pavement Markings; Pavement Patching; Sawing Cutting; Signing; Soil Stabilization and Modification; Steel, Reinforcement (Rebar Placement); Tree Trimming and Selective Tree Removal; Vegetation Spraying"
CHRISTY WEBBER & COMPANY,2900 W. Ferdinand St.,Chicago,IL,60612,(773) 533-0477,,,IDOT Subcontractor List (Dec 2025),10503,06/13/2026,Earthwork; Landscaping; Seeding & Sodding
"CJL LANDSCAPING, INC.",10902 West U. S. Highway 150,Brimfield,IL,61517,(309) 691-9200,,,IDOT Subcontractor List (Dec 2025),10252,12/02/2026,Landscaping; Other; Seeding & Sodding
"CLAUSS BROTHERS, INC.",12N330 SWITZER ROAD,ELGIN,IL,60124,(847) 488-0711,,,IDOT Subcontractor List (Dec 2025),15229,03/06/2026,Landscaping; Seeding & Sodding; Soil Stabilization and Modification
"COERS CUSTOM HARDWOODS, INC.",5016 290TH ST N,HILLSDALE,IL,61257,(309) 428-1758,,,IDOT Subcontractor List (Dec 2025),18362,06/30/2026,Sawing Cutting; Tree Trimming and Selective Tree Removal
CONIN CONTRACTOR SERVICES INC.,1800 Doc Wolf Dr PO Box 1022,Belvidere,IL,61008,(815) 596-0640,,,IDOT Subcontractor List (Dec 2025),14677,02/11/2026,Concrete Construction; Demolition; Earthwork; Landscaping; Seeding & Sodding; Tree Trimming and Selective Tree Removal
COOLING LAND CONCEPTS LLC,"4400 Wheeler Road, (81) 533-2380",Cherry Valley,IL,61016,,,,IDOT Subcontractor List (Dec 2025),10168,03/18/2026,Landscaping; Other; Seeding & Sodding
"CORDOVA CONSTRUCTION, INC",2424 N.Ellory Road,Peoria,IL,61615,(309) 208-3448,,,IDOT Subcontractor List (Dec 2025),12596,02/19/2026,Concrete Construction; Earthwork; Landscaping
COTHREN'S CUSTOM HARDSCAPES,5705 E. William Street Rd.,Decatur,IL,62521,(217) 520-8378,,,IDOT Subcontractor List (Dec 2025),15994,02/13/2026,Aggregate Bases and Surfaces; Drainage; Earthwork; Landscaping; Other; Seeding & Sodding; Tree Trimming and Selective Tree Removal
"COUNTY ASPHALT COMPANY, INC.",Po Box 17346,Urbana,IL,61803,217-841-1931,,,IDOT Subcontractor List (Dec 2025),14770,02/10/2026,Aggregate Bases and Surfaces; Concrete Construction; Cover and Seal Coats; Drainage; Earthwork; Installation of Raised Pavement Markers; Other; Pavement Markings; Pavement Patching; Sawing Cutting; Signing; Tree Trimming and Selective Tree Removal
"CPMH CONSTRUCTION, INC.",4049 S. Normal Ave,Chicago,IL,60609,312-929-2345,,,IDOT Subcontractor List (Dec 2025),16186,12/15/2026,"Aggregate Bases and Surfaces; Concrete Construction; Cover and Seal Coats; Demolition; Drainage; Earthwork; Fencing; Landscaping; Pavement Markings; Pavement Patching; Sawing Cutting; Seeding & Sodding; Signing; Soil Stabilization and Modification; Steel, Reinforcement (Rebar Placement); Traffic Control"
CREST CONTRACTING LLC,12443 S. Melvina Ave,Palos Heights,IL,60463,(708) 372-2419,,,IDOT Subcontractor List (Dec 2025),17027,02/10/2026,"Aggregate Bases and Surfaces; Concrete Construction; Demolition; Drainage; Earthwork; Fencing; Landscaping; Other; Painting and Cleaning; Sawing Cutting; Soil Stabilization and Modification; Steel, Reinforcement (Rebar Placement); Traffic Control"
"CROWLEY TREE EXPERTS, INC. A SIEBERT AND SONS COMPANY",39411 N IL Rte 83,Lake Villa,IL,60046,(847) 338-1838,,,IDOT Subcontractor List (Dec 2025),18302,04/22/2026,Tree Trimming and Selective Tree Removal
"CSD ENVIRONMENTAL SERVICES, INC.",9979 Palm Road,Glenarm,IL,62536,(217) 522-4085,,,IDOT Subcontractor List (Dec 2025),12910,04/25/2026,"Aggregate Bases and Surfaces; Concrete Construction; Demolition; Drainage; Earthwork; Fencing; Guardrail; Landscaping; Other; Pavement Patching; Sawing Cutting; Seeding & Sodding; Signing; Soil Stabilization and Modification; Steel, Reinforcement (Rebar Placement); Traffic Control; Tree Trimming and Selective Tree Removal; Vegetation Spraying"
"DARDON CONSTRUCTION, INC.",3925 W Armitage Ave,HISPANIC,IL,60647,(866) 327-3661,,,IDOT Subcontractor List (Dec 2025),18233,03/04/2026,Concrete Construction; Electrical; Fencing; Landscaping; Other; Painting and Cleaning; Pavement Markings; Pavement Patching; Sawing Cutting
"DEL TORO LANDSCAPING, INC.",18N061 Galligan Road,Dundee,IL,60118,(847) 426-7200,,,IDOT Subcontractor List (Dec 2025),13854,02/11/2026,Earthwork; Landscaping; Seeding & Sodding; Tree Trimming and Selective Tree Removal
"DICKEY TRUCKING, LLC",629 North Main Street,Wayne City,IL,62895,(618) 895-4747,,,IDOT Subcontractor List (Dec 2025),15231,02/19/2026,Other; Seeding & Sodding
DIRTWORKS TRUCKING & EXCAVATING CO.,PO BOX 1024,Rantoul,IL,61866,217-377-4005,,,IDOT Subcontractor List (Dec 2025),16443,02/19/2026,"Cold Milling, Planing and Roto Milling; Demolition; Drainage; Earthwork; Other; Sawing Cutting; Tree Trimming and Selective Tree Removal"
DONATO ALBANESE,5257 S Parkside Ave,Chicago,IL,60638,(708) 603-0134,,,IDOT Subcontractor List (Dec 2025),18287,04/01/2026,Landscaping; Seeding & Sodding; Soil Stabilization and Modification; Tree Trimming and Selective Tree Removal
DONE RITE CONSTRUCTION CO. INC.,10277 IL RT 101,Littleton,IL,61452,(309) 331-4983,,,IDOT Subcontractor List (Dec 2025),11793,05/07/2026,Concrete Construction; Earthwork; Fencing; Landscaping; Other; Seeding & Sodding; Signing; Traffic Control
"DQC TRUCKING & EXCAVATING, LLC",1416 Double Eagle,Belleville,IL,62220,(618) 641-8834,,,IDOT Subcontractor List (Dec 2025),18341,06/02/2026,Concrete Construction; Pavement Patching; Tree Trimming and Selective Tree Removal
"DREAMSCAPES BY DENNIS, INC.",1114 Sterling Rd,Dixon,IL,61021,(815) 857-3281,,,IDOT Subcontractor List (Dec 2025),10296,02/20/2026,Earthwork; Landscaping; Seeding & Sodding
DURDEL & SONS,1726 N. Prichard Rd.,Peoria,IL,61615,(309) 676-4305,,,IDOT Subcontractor List (Dec 2025),10891,04/25/2026,Landscaping; Tree Trimming and Selective Tree Removal
"E & A EXCAVATING AND SERVICES, LLC",8393 Renken Rd,Worden,IL,62097-1605,(217) 320-8614,,,IDOT Subcontractor List (Dec 2025),18069,09/16/2026,"Aggregate Bases and Surfaces; Cold Milling, Planing and Roto Milling; Demolition; Drainage; Earthwork; Landscaping; Sawing Cutting; Seeding & Sodding; Tree Trimming and Selective Tree Removal; Vegetation Spraying"
E.L. PRUITT COMPANY,3090 Colt Road,Springfield,IL,62707,217-789-0966,,,IDOT Subcontractor List (Dec 2025),17648,09/23/2026,Aggregate Bases and Surfaces; Concrete Construction; Demolition; Drainage; Earthwork; Landscaping; Signing
E.R. BAKEY INC.,180 S. Western Ave# 158,Carpentersville,IL,60110,(847) 464-5700,,,IDOT Subcontractor List (Dec 2025),15655,02/25/2026,"Aggregate Bases and Surfaces; Cold Milling, Planing and Roto Milling; Concrete Construction; Demolition; Drainage; Earthwork; Landscaping; Sawing Cutting; Seeding & Sodding; Soil Stabilization and Modification; Steel, Reinforcement (Rebar Placement); Traffic Control; Tree Trimming and Selective Tree Removal"
EARTH CARE UNLIMITED. INC.,3108 Panther Grove Road,Ashland,IL,62612,(217) 452-7370,,,IDOT Subcontractor List (Dec 2025),11692,03/03/2026,Earthwork; Landscaping; Other; Seeding & Sodding
"EARTHWORKS BY LAVICKA, INC.",2396 E. 900 NORTH ROAD,MILFORD,IL,60953,(815) 889-4347,,,IDOT Subcontractor List (Dec 2025),12587,03/18/2026,Earthwork; Fencing; Landscaping; Seeding & Sodding; Soil Stabilization and Modification
EFFINGHAM TREE SERVICE INC,513 S Race St,Teutopolis,IL,62467,(217) 821-3875,,,IDOT Subcontractor List (Dec 2025),18394,08/12/2026,Tree Trimming and Selective Tree Removal
ELEVATE EXCAVATING LLC,413 NW 1st St Casey IL,Casey,IL,62420,(217) 251-6687,,,IDOT Subcontractor List (Dec 2025),18276,03/24/2026,Aggregate Bases and Surfaces; Demolition; Drainage; Earthwork; Tree Trimming and Selective Tree Removal
EMINENCE RESOURCE INC.,2 n vine st,harrisburg,IL,62946,(618) 214-9301,,,IDOT Subcontractor List (Dec 2025),18159,02/10/2026,"Concrete Construction; Demolition; Earthwork; Fencing; Guardrail; Landscaping; Sawing Cutting; Seeding & Sodding; Soil Stabilization and Modification; Steel, Reinforcement (Rebar Placement); Tree Trimming and Selective Tree Removal"
"ENTLER EXCAVATING, CO, INC",819 N Sunnyside Rd,Decatur,IL,62522,(217) 428-1865,,,IDOT Subcontractor List (Dec 2025),14266,02/11/2026,"Aggregate Bases and Surfaces; Cold Milling, Planing and Roto Milling; Concrete Construction; Demolition; Drainage; Earthwork; Fencing; Guardrail; Landscaping; Sawing Cutting; Seeding & Sodding; Soil Stabilization and Modification; Traffic Control; Tree Trimming and Selective Tree Removal"
EZELL EXCAVATING INC,1574 Co Rd 100 N,VILLA GROVE,IL,61956,(217) 832-9066,,,IDOT Subcontractor List (Dec 2025),17640,02/27/2026,"Aggregate Bases and Surfaces; Cold Milling, Planing and Roto Milling; Concrete Construction; Demolition; Drainage; Earthwork; Seeding & Sodding; Tree Trimming and Selective Tree Removal"
F.ESPINOZA LANDSCAPING INC.,35 Burdent Dr.,Crystal Lake,IL,60014,(815) 477-8915,,,IDOT Subcontractor List (Dec 2025),15145,02/10/2026,Landscaping; Seeding & Sodding; Soil Stabilization and Modification
"FERGUSON CONTRACTING,LLC",11298 Cedar Grove Road,Marion,IL,62959,(618) 922-9739,,,IDOT Subcontractor List (Dec 2025),13933,02/12/2026,"Aggregate Bases and Surfaces; Cold Milling, Planing and Roto Milling; Concrete Construction; Demolition; Drainage; Earthwork; Seeding & Sodding; Soil Stabilization and Modification"
FIVE STAR HAULING INC,14210 S Kenton,Crestwood,IL,60418,(773) 671-3136,,,IDOT Subcontractor List (Dec 2025),15610,02/10/2026,Aggregate Bases and Surfaces; Concrete Construction; Demolition; Earthwork; Electrical; Landscaping; Other; Pavement Patching
"FOSS LANDSCAPES, INC.",1218 Shappert Dr.,Machesney Park,IL,61115,(815) 636-4748,,,IDOT Subcontractor List (Dec 2025),13217,11/25/2026,Landscaping; Other; Seeding & Sodding
FROESE ENTERPRISES,4621 Eyman Road,Belleville,IL,62223,(618) 779-9712,,,IDOT Subcontractor List (Dec 2025),18377,07/22/2026,Aggregate Bases and Surfaces; Concrete Construction; Cover and Seal Coats; Demolition; Drainage; Earthwork; Fencing; Guardrail; Installation of Raised Pavement Markers; Landscaping; Pavement Patching; Sawing Cutting; Seeding & Sodding; Soil Stabilization and Modification
FULL CIRCLE CONSTRUCTION,"621 SOUTH CHICAGO AVE PO BOX 32, (815)766-1397",Freeport,IL,61032,,,,IDOT Subcontractor List (Dec 2025),17217,02/10/2026,Concrete Construction; Fencing; Landscaping; Other; Painting and Cleaning
GALLENTINE LLC,PO Box 578,Milledgeville,IL,61051,815-499-9202,,,IDOT Subcontractor List (Dec 2025),17721,04/24/2026,Earthwork; Landscaping; Seeding & Sodding
"GARDENSCAPE CONTRACTORS, INC.",104 Zumbahlen Ave,Dieterich,IL,62424,(217) 925-5945,,,IDOT Subcontractor List (Dec 2025),10962,12/04/2026,"Aggregate Bases and Surfaces; Cold Milling, Planing and Roto Milling; Concrete Construction; Drainage; Landscaping; Other; Pavement Patching; Sawing Cutting; Seeding & Sodding; Traffic Control"
GAYLOR EXCAVATING INC,5317 Hayden Lane,Ringwood,IL,60072,(815) 653-3444,,,IDOT Subcontractor List (Dec 2025),13380,02/19/2026,Aggregate Bases and Surfaces; Concrete Construction; Demolition; Earthwork; Fencing; Other; Pavement Patching; Sawing Cutting; Soil Stabilization and Modification; Traffic Control; Tree Trimming and Selective Tree Removal
"GEORGE GILDNER, INC.",2031 Ireland Grove Road,Bloomington,IL,61704,(309) 663-8458,,,IDOT Subcontractor List (Dec 2025),13162,02/10/2026,Concrete Construction; Drainage; Earthwork; Landscaping; Other; Pavement Patching
GETTY LAWN CARE INC *DBA GETTY LANDSCAPING INC,512 N CENTER ST,Colfax,IL,61728,(309) 275-8705,,,IDOT Subcontractor List (Dec 2025),18041,02/17/2026,Landscaping; Seeding & Sodding
GIZYNSKI CONSTRUCTION LLC,28324 w Arch Drive,Barrington,IL,60010,(773) 931-3123,,,IDOT Subcontractor List (Dec 2025),18010,06/04/2026,Concrete Construction; Demolition; Drainage; Earthwork; Erection; Guardrail; Landscaping; Seeding & Sodding; Soil Stabilization and Modification; Tree Trimming and Selective Tree Removal
"GLI SERVICES, INC.",1410 MILLS ROAD,JOLIET,IL,60433,(815) 774-0350,,,IDOT Subcontractor List (Dec 2025),13492,08/29/2026,Landscaping; Seeding & Sodding
"GOLDBAR EXCAVATING, LLC",8027 Gall Rd,Waterloo,IL,62298,217-255-2185,,,IDOT Subcontractor List (Dec 2025),18391,08/11/2026,Aggregate Bases and Surfaces; Concrete Construction; Demolition; Drainage; Earthwork; Fencing; Guardrail; Landscaping; Sawing Cutting; Seeding & Sodding; Soil Stabilization and Modification; Tree Trimming and Selective Tree Removal
GRADE RC LLC,684 Phelps Ave,Romeoville,IL,60446,(815) 931-9310,,,IDOT Subcontractor List (Dec 2025),14835,02/19/2026,Aggregate Bases and Surfaces; Concrete Construction; Demolition; Earthwork; Fencing; Landscaping; Pavement Patching; Sawing Cutting; Seeding & Sodding
GREAT LAKES LANDSCAPE COMPANY,365 Miles Parkway,Bartlett,IL,60103,847-439-3737,,,IDOT Subcontractor List (Dec 2025),16971,02/14/2026,Demolition; Earthwork; Landscaping; Seeding & Sodding
"GREEN EARTH LANDSCAPING, LLC",747 Geneva Ave,Romeoville,IL,60446,(630) 795-9374,,,IDOT Subcontractor List (Dec 2025),17586,03/06/2026,Landscaping; Seeding & Sodding
GROUNDWORKS CONTRACTING INC,8712 Holy Cross Ln,Breese,IL,62230,(217) 888-0734,,,IDOT Subcontractor List (Dec 2025),16700,02/10/2026,Aggregate Bases and Surfaces; Demolition; Drainage; Earthwork; Erection; Guardrail; Landscaping; Seeding & Sodding; Soil Stabilization and Modification; Tree Trimming and Selective Tree Removal
"GWO, INC.","1035 W. 111th Street, Unit 3",Chicago,IL,60643,708-330-4425,,,IDOT Subcontractor List (Dec 2025),15489,03/01/2026,Demolition; Earthwork; Other; Painting and Cleaning; Tree Trimming and Selective Tree Removal
"HALLORAN & YAUCH, INC.",28322 Ballard Drive,Lake Forest,IL,60045,(847) 281-9400,,,IDOT Subcontractor List (Dec 2025),14973,02/11/2026,Drainage; Landscaping; Other
HANDS-OFF FACILITIES MGMT,445 W. 79th St/storefront-103,Chicago,IL,60620,(773) 961-5163,,,IDOT Subcontractor List (Dec 2025),17242,02/10/2026,Concrete Construction; Cover and Seal Coats; Demolition; Installation of Raised Pavement Markers; Landscaping; Other; Painting and Cleaning; Pavement Markings; Pavement Patching; Tree Trimming and Selective Tree Removal; Vegetation Spraying
HERITAGE LANDSCAPE DESIGN. INC.,4500 49th Avenue,Moline,IL,61265,(309) 797-9900,,,IDOT Subcontractor List (Dec 2025),11482,04/24/2026,Landscaping
"HOMER TREE SERVICE, INC.",16464 W. 143rd Street,Lockport,IL,60441,(815) 512-7017,,,IDOT Subcontractor List (Dec 2025),15078,03/03/2026,Earthwork; Landscaping; Tree Trimming and Selective Tree Removal; Vegetation Spraying
"HOPPY'S LANDSCAPING, INC.",15041 New Avenue,Lockport,IL,60441,(630) 257-2431,,,IDOT Subcontractor List (Dec 2025),10502,07/16/2026,Aggregate Bases and Surfaces; Demolition; Drainage; Earthwork; Landscaping; Seeding & Sodding; Soil Stabilization and Modification
HUG EXCAVATING LLC,21164 State Route 127 Nashville IL,Nashville,IL,62263,618-314-2012,,,IDOT Subcontractor List (Dec 2025),17616,02/11/2026,Aggregate Bases and Surfaces; Concrete Construction; Cover and Seal Coats; Demolition; Drainage; Earthwork; Guardrail; Landscaping; Pavement Patching; Sawing Cutting; Seeding & Sodding; Tree Trimming and Selective Tree Removal; Vegetation Spraying
"HUPP EXCAVATING, INC.",5480 Birch Church Rd,Oreana,IL,62554,(217) 519-0582,,,IDOT Subcontractor List (Dec 2025),14863,04/23/2026,"Aggregate Bases and Surfaces; Cold Milling, Planing and Roto Milling; Demolition; Drainage; Earthwork; Fencing; Guardrail; Landscaping; Pavement Patching; Sawing Cutting; Seeding & Sodding; Signing; Soil Stabilization and Modification"
HYDROSCAPESOLUTIONS.COM,1362 Rocky Creek Ct,Belleville,IL,62220,(618) 741-4192,,,IDOT Subcontractor List (Dec 2025),17037,04/02/2026,Other; Seeding & Sodding
"ILLINOIS FOREST PRODUCTS CO., INC.",8699 Arenzville Road,Beardstown,IL,62618,(217) 323-4540,,,IDOT Subcontractor List (Dec 2025),11866,02/10/2026,Aggregate Bases and Surfaces; Landscaping; Seeding & Sodding; Tree Trimming and Selective Tree Removal
"INDUSTRY TECHNICAL SOLUTIONS, LLC",801 W Main St,Peoria,IL,61606,309.267.6515,,,IDOT Subcontractor List (Dec 2025),18380,07/29/2026,Earthwork; Electrical; Other; Soil Stabilization and Modification; Tree Trimming and Selective Tree Removal
"INNOVATIVE INSTALLATIONS AND MANAGEMENT, LLC",1035 S York Rd.,Bensenville,IL,60106,(312) 210-0225,,,IDOT Subcontractor List (Dec 2025),17565,02/19/2026,Fencing; Guardrail; Landscaping; Signing; Tree Trimming and Selective Tree Removal
INTERLOCK BRICK PAVING LLC,P. O. Box 6,Morton,IL,61550,(309) 696-9264,,,IDOT Subcontractor List (Dec 2025),17348,08/01/2026,Aggregate Bases and Surfaces; Landscaping
"IRONHORSE, INC.",901 W. Myrtle St,Baldwin,IL,62217,(618) 785-2221,,,IDOT Subcontractor List (Dec 2025),15385,09/19/2026,Other; Tree Trimming and Selective Tree Removal; Vegetation Spraying
J H MOORE INC,P O Box 311,Altamont,IL,62411,217-536-2064,,,IDOT Subcontractor List (Dec 2025),16488,03/10/2026,Electrical; Tree Trimming and Selective Tree Removal
"J P BURNS EXCAVATING, INC.",9287 Burns Road,Plainview,IL,62685,(618) 836-5558,,,IDOT Subcontractor List (Dec 2025),13539,02/11/2026,Aggregate Bases and Surfaces; Demolition; Drainage; Earthwork; Seeding & Sodding; Soil Stabilization and Modification; Traffic Control
J&J LANDEX,1400 6th Street,Madison,IL,62060,618-974-4300,,,IDOT Subcontractor List (Dec 2025),18314,04/29/2026,Aggregate Bases and Surfaces; Demolition; Earthwork; Landscaping; Pavement Patching; Sawing Cutting; Seeding & Sodding; Tree Trimming and Selective Tree Removal; Vegetation Spraying
J. L. NELSON CONSTRUCTION,PO Box 5387,Peoria,IL,61601,(309) 264-7565,,,IDOT Subcontractor List (Dec 2025),13863,02/10/2026,Aggregate Bases and Surfaces; Drainage; Earthwork; Tree Trimming and Selective Tree Removal
"J. P. EXCAVATING & TRUCKING, INC.",410 E. 9th. St.,Danville,IL,61832,(217) 304-5431,,,IDOT Subcontractor List (Dec 2025),12211,02/27/2026,Aggregate Bases and Surfaces; Concrete Construction; Demolition; Drainage; Earthwork; Landscaping; Other; Seeding & Sodding; Traffic Control
J.C. DILLON. INC.,1515 W. Luthy Dr.,Peoria,IL,61615,(309) 689-1596,,,IDOT Subcontractor List (Dec 2025),10700,02/14/2026,Aggregate Bases and Surfaces; Concrete Construction; Drainage; Earthwork; Electrical; Landscaping; Other; Pavement Patching; Sawing Cutting; Seeding & Sodding; Traffic Control
"J.M. IRRIGATION, LLC",25850 W. Hwy 60,Volo,IL,60030,(847) 546-0165,,,IDOT Subcontractor List (Dec 2025),13609,03/06/2026,Landscaping; Other
J.T.J GENERAL CONSTRUCTION GROUP LLC,444 W Lake St Ste 1700,Chicago,IL,60606,(312) 978-4916,,,IDOT Subcontractor List (Dec 2025),16807,03/03/2026,Concrete Construction; Demolition; Landscaping; Other
JAKES LAWN & TREE SERVICE LLC,P.O box 15,Oglesby,IL,61348,(815) 878-2441,,,IDOT Subcontractor List (Dec 2025),18273,03/24/2026,Landscaping; Seeding & Sodding; Tree Trimming and Selective Tree Removal; Vegetation Spraying
"JAMES L LORD, INC.",22464 Hughes St,Frankfort,IL,60423,(630) 877-2400,,,IDOT Subcontractor List (Dec 2025),10828,02/10/2026,Fencing; Landscaping; Other; Seeding & Sodding; Soil Stabilization and Modification
JE LANDWORKS UNLIMITED INC.,P.O. Box 4245,Aurora,IL,60507,(630) 675-8445,,,IDOT Subcontractor List (Dec 2025),13065,02/14/2026,Earthwork; Fencing; Landscaping; Other; Seeding & Sodding; Soil Stabilization and Modification; Vegetation Spraying
"JEREMYS TREE SERVICE, LLC (DBA CENTRAL ARBOR TREE CARE)",2070 county road 800 n,Secor,IL,61771,309-303-6786,,,IDOT Subcontractor List (Dec 2025),18371,07/14/2026,Tree Trimming and Selective Tree Removal
JLG CONSTRUCTION,8750 oakwood dr,hickory hills,IL,60457,(773) 619-4876,,,IDOT Subcontractor List (Dec 2025),18343,06/03/2026,Concrete Construction; Cover and Seal Coats; Demolition; Electrical; Fencing; Landscaping; Painting and Cleaning; Pavement Patching; Seeding & Sodding
JMV LAND LLC,1818 county road 475 n,Fairfield,IL,62837,618-599-5204,,,IDOT Subcontractor List (Dec 2025),18442,11/24/2026,Demolition; Drainage; Earthwork; Other; Seeding & Sodding; Soil Stabilization and Modification
JRUIZ CONSTRUCTION L.L.C.,205 E Main P.O. Box 1409,Vienna,IL,62995,(618) 771-2667,,,IDOT Subcontractor List (Dec 2025),12809,02/21/2026,Concrete Construction; Demolition; Earthwork; Fencing; Landscaping; Seeding & Sodding; Tree Trimming and Selective Tree Removal
JTS TREE AND CRANE,1 Fox Run Drive,Altamont,IL,62411,(217) 372-1225,,,IDOT Subcontractor List (Dec 2025),16662,02/10/2026,Tree Trimming and Selective Tree Removal
JUAN PABLO MACIAS,1041 joliet st,west chicago,IL,60185,(630) 141-5916,,,IDOT Subcontractor List (Dec 2025),18096,06/03/2026,Aggregate Bases and Surfaces; Concrete Construction; Drainage; Earthwork; Fencing; Landscaping; Other; Seeding & Sodding; Tree Trimming and Selective Tree Removal
K D STAPLES & SON INC.,P.O. Box 31,Lake Zurich,IL,60047,(847) 438-8616,,,IDOT Subcontractor List (Dec 2025),15758,03/30/2026,Landscaping; Seeding & Sodding
K&T CONSTRUCTION MANAGEMENT INC.,2438 W 119th St,Chicago,IL,60655,(773) 744-2870,,,IDOT Subcontractor List (Dec 2025),18414,09/11/2026,Concrete Construction; Demolition; Landscaping; Painting and Cleaning
"KASKASKIA ENGINEERING GROUP, LLC","208 East Main Street, Suite 100",Belleville,IL,62220,(618) 233-5877,,,IDOT Subcontractor List (Dec 2025),14259,02/10/2026,"Aggregate Bases and Surfaces; Cold Milling, Planing and Roto Milling; Concrete Construction; Drainage; Earthwork; Fencing; Installation of Raised Pavement Markers; Landscaping; Other; Pavement Markings; Pavement Patching; Sawing Cutting; Seeding & Sodding; Signing; Soil Stabilization and Modification; Traffic Control; Tree Trimming and Selective Tree Removal"
KATIE RAWSON CONTRACTING LLC,1308 Ava Road,Murphysboro,IL,62966,(618) 521-2460,,,IDOT Subcontractor List (Dec 2025),18332,05/15/2026,Demolition; Drainage; Earthwork; Landscaping; Seeding & Sodding; Soil Stabilization and Modification; Tree Trimming and Selective Tree Removal
"KD LANDSCAPE CONSTRUCTION, INC",2128 Gould Court,Rockdale,IL,60436,(815) 725-0758,,,IDOT Subcontractor List (Dec 2025),13814,02/17/2026,Landscaping
"KING TREE SPECIALISTS, INC.",PO Box 10,Tremont,IL,61568,309-925-2510,,,IDOT Subcontractor List (Dec 2025),18398,08/19/2026,Tree Trimming and Selective Tree Removal
KIRBY CABLE SERVICE,P.O. BOX 37,PECATONICA,IL,61063,(815) 239-1645,,,IDOT Subcontractor List (Dec 2025),13081,02/11/2026,Drainage; Earthwork; Electrical; Other; Seeding & Sodding
KLASS LINE LLC,"12517 S Ashland Ave, Apt 7",Calumet Park,IL,60827,(773) 943-9237,,,IDOT Subcontractor List (Dec 2025),18120,02/15/2026,"Aggregate Bases and Surfaces; Concrete Construction; Demolition; Drainage; Electrical; Fencing; Guardrail; Installation of Raised Pavement Markers; Landscaping; Pavement Markings; Pavement Patching; Sawing Cutting; Steel, Reinforcement (Rebar Placement); Tree Trimming and Selective Tree Removal"
KONSTRUCTION SERVICES  LLC,5548 Falcon road,Rockford,IL,61109,(815) 871-7105,,,IDOT Subcontractor List (Dec 2025),14295,02/25/2026,Concrete Construction; Drainage; Fencing; Landscaping; Seeding & Sodding; Soil Stabilization and Modification; Tree Trimming and Selective Tree Removal
KP FENCING,315 N Walnut St,Wenona,IL,61377,(309) 403-3689,,,IDOT Subcontractor List (Dec 2025),18350,09/22/2026,Fencing; Guardrail; Landscaping; Seeding & Sodding; Soil Stabilization and Modification
KRAMER TREE SPECIALISTS. INC.,300 Charles Court,West Chicago,IL,60185,(630) 293-5444,,,IDOT Subcontractor List (Dec 2025),11473,02/10/2026,Tree Trimming and Selective Tree Removal; Vegetation Spraying
KREKE'S TREE SERVICE,7959 N 1000th RD,Watson,IL,62473,217-663-8370,,,IDOT Subcontractor List (Dec 2025),17970,02/19/2026,Tree Trimming and Selective Tree Removal
LAGESTEE LAND MANAGEMENT,25927 S Cottage Grove Ave,Crete,IL,60417,708-253-7700,,,IDOT Subcontractor List (Dec 2025),17682,02/12/2026,Demolition; Drainage; Earthwork; Tree Trimming and Selective Tree Removal
"LAMPIGNANO & SON CONSTRUCTION, CO.",501 S ARTHUR AVE,ARLINGTON HEIGHTS,IL,60005,(847) 394-0696,,,IDOT Subcontractor List (Dec 2025),18412,09/11/2026,Concrete Construction; Landscaping; Sawing Cutting; Seeding & Sodding
LANDSCAPERS SOLUTIONS,1515 44th Street,Rock Island,IL,61201,(309) 206-6712,,,IDOT Subcontractor List (Dec 2025),15428,02/27/2026,Earthwork; Fencing; Landscaping; Sawing Cutting; Seeding & Sodding; Soil Stabilization and Modification; Tree Trimming and Selective Tree Removal; Vegetation Spraying
"LANDSCAPES BY GARY WEISS, INC.",9314 McConnell Road,Woodstock,IL,60098,(815) 337-7889,,,IDOT Subcontractor List (Dec 2025),10275,10/29/2026,Landscaping; Seeding & Sodding
LAREDO SYSTEMS,11933 County Line Rd.,Garden Prairie,IL,61038,(815) 988-0250,,,IDOT Subcontractor List (Dec 2025),10849,02/18/2026,"Aggregate Bases and Surfaces; Concrete Construction; Demolition; Drainage; Earthwork; Fencing; Guardrail; Landscaping; Other; Painting and Cleaning; Seeding & Sodding; Soil Stabilization and Modification; Steel, Reinforcement (Rebar Placement); Traffic Control; Tree Trimming and Selective Tree Removal; Vegetation Spraying"
LAW EXCAVATING INC.,100 N. Jackson St.,Mt. Carroll,IL,61053,(815) 238-1614,,,IDOT Subcontractor List (Dec 2025),11202,02/12/2026,"Aggregate Bases and Surfaces; Concrete Construction; Demolition; Drainage; Earthwork; Fencing; Guardrail; Landscaping; Other; Pavement Markings; Pavement Patching; Sawing Cutting; Seeding & Sodding; Soil Stabilization and Modification; Steel, Reinforcement (Rebar Placement); Tree Trimming and Selective Tree Removal"
"LAWN CARE SERVICES SINALOA, LLC",P.O. Box 484,Huntley,IL,60142,847-659-1670,,,IDOT Subcontractor List (Dec 2025),15997,09/05/2026,Concrete Construction; Landscaping; Other; Seeding & Sodding
"LAWNCARE BY WALTER, INC.",1515 S. MERIDIAN RD.,ROCKFORD,IL,61102,(815) 332-9544,,,IDOT Subcontractor List (Dec 2025),17007,02/10/2026,Landscaping; Seeding & Sodding; Vegetation Spraying
LB LANDSCAPING DESIGNS INC,14905 s Cicero Ave,Oak Forest,IL,60452,708-687-1052,,,IDOT Subcontractor List (Dec 2025),18411,09/09/2026,Landscaping; Seeding & Sodding
LEN COX & SONS EXCAVATING,1203 Theodore Street,Crest Hill,IL,60403,(815) 730-7700,,,IDOT Subcontractor List (Dec 2025),15042,02/10/2026,Aggregate Bases and Surfaces; Drainage; Earthwork; Seeding & Sodding
LEOBARDO CONTRERAS,8248 merrimack,burbank,IL,60459,(773) 619-5751,,,IDOT Subcontractor List (Dec 2025),18401,08/21/2026,"Concrete Construction; Demolition; Drainage; Fencing; Installation of Raised Pavement Markers; Landscaping; Painting and Cleaning; Pavement Markings; Pavement Patching; Sawing Cutting; Seeding & Sodding; Soil Stabilization and Modification; Steel, Reinforcement (Rebar Placement); Traffic Control; Tree Trimming and Selective Tree Removal"
"LITTLETON STORM & TIMBER SERVICES, INC.*",1615 Sugar Hollow Road,Jacksonville,IL,62650,(217) 245-7910,,,IDOT Subcontractor List (Dec 2025),11103,02/11/2026,Demolition; Tree Trimming and Selective Tree Removal
LIZZETTE MEDINA & CO.,4331 W. 16th Street,Chicago,IL,60623,(773) 696-2330,,,IDOT Subcontractor List (Dec 2025),17506,07/10/2026,Earthwork; Landscaping; Seeding & Sodding; Tree Trimming and Selective Tree Removal; Vegetation Spraying
"LOCKWOOD EXCAVATING & CONSTRUCTION, INC","945 Monmouth Blvd, (1309) 299-5159",Galesburg,IL,61401,,,,IDOT Subcontractor List (Dec 2025),17569,02/10/2026,Concrete Construction; Demolition; Drainage; Earthwork; Landscaping; Other; Pavement Patching; Sawing Cutting; Seeding & Sodding
LYTASHA SHAW,122 S Michigan Ave Suite 1390 H-57,Chicago,IL,60603,(773) 823-8055,,,IDOT Subcontractor List (Dec 2025),18295,04/14/2026,Landscaping; Other
"M & J UNDERGROUND, INC.",P. O. Box 164. 26603 Governors Hwy. Suite #1,Monee,IL,60449,(708) 534-6434,,,IDOT Subcontractor List (Dec 2025),11371,02/11/2026,"Aggregate Bases and Surfaces; Cold Milling, Planing and Roto Milling; Concrete Construction; Drainage; Earthwork; Other; Seeding & Sodding"
M&S GENERAL CONSTRUCTION INC,136 Indiana Street,Park Forest,IL,60466,(773) 550-9907,,,IDOT Subcontractor List (Dec 2025),15879,02/21/2026,Concrete Construction; Landscaping; Other; Pavement Patching; Sawing Cutting; Seeding & Sodding
"MAC INDUSTRIAL SERVICES, INC.",604 N Main St Ste 1,Rochelle,IL,61068,815-222-1342,,,IDOT Subcontractor List (Dec 2025),16587,02/24/2026,Concrete Construction; Earthwork; Fencing; Landscaping; Painting and Cleaning; Pavement Patching; Seeding & Sodding; Tree Trimming and Selective Tree Removal; Vegetation Spraying
MACC CONTRACTING INC,11571 N 4000E Rd,Peotone,IL,60468,(573) 745-7659,,,IDOT Subcontractor List (Dec 2025),17706,11/04/2026,Earthwork; Landscaping; Seeding & Sodding; Soil Stabilization and Modification; Tree Trimming and Selective Tree Removal; Vegetation Spraying
MARCO  LANDSCAPING,5307 N. Main Street,Rockford,IL,61103,(815) 272-5467,,,IDOT Subcontractor List (Dec 2025),14650,09/15/2026,Landscaping; Seeding & Sodding
MARTINEZ FROG'S INC,650 Andy Dr,Melrose Park,IL,60160,(708) 259-9955,,,IDOT Subcontractor List (Dec 2025),12258,02/25/2026,"Aggregate Bases and Surfaces; Concrete Construction; Demolition; Drainage; Earthwork; Erection; Landscaping; Other; Pavement Patching; Sawing Cutting; Seeding & Sodding; Signing; Soil Stabilization and Modification; Steel, Reinforcement (Rebar Placement); Tree Trimming and Selective Tree Removal"
MARTNEZ HOME RENOVATIONS LLC,12812 Hoyne Ave,Blue island,IL,60406,(708) 890-0561,,,IDOT Subcontractor List (Dec 2025),18358,06/23/2026,Cover and Seal Coats; Demolition; Earthwork; Fencing; Landscaping; Painting and Cleaning; Seeding & Sodding; Tree Trimming and Selective Tree Removal
MATERIAL SOLUTIONS LABORATORY,1040 Bonaventure Dr,Elk Grove Village,IL,60007,(184) 466-7216,,,IDOT Subcontractor List (Dec 2025),14508,11/10/2026,Landscaping; Other; Seeding & Sodding
MAULDING EXCAVATING LLC,208 NW 8th St,Casey,IL,62420,(217) 232-4590,,,IDOT Subcontractor List (Dec 2025),18348,06/06/2026,Aggregate Bases and Surfaces; Demolition; Drainage; Earthwork; Landscaping; Other; Seeding & Sodding
MAULDING TRUCKING INC,208 NW 8th St,Casey,IL,62420,(217) 232-4590,,,IDOT Subcontractor List (Dec 2025),18347,06/06/2026,Aggregate Bases and Surfaces; Demolition; Earthwork; Landscaping; Other
MAURO SEWER CONSTRUCTION,1251 Redeker Road,Des Plaines,IL,60016,(847) 803-2033,,,IDOT Subcontractor List (Dec 2025),12064,02/11/2026,Aggregate Bases and Surfaces; Demolition; Drainage; Earthwork; Landscaping
"MAY EXCAVATING, INC.",15769 Clifford Road,CARTERVILLE,IL,62918,(239) 771-0191,,,IDOT Subcontractor List (Dec 2025),17222,06/09/2026,"Aggregate Bases and Surfaces; Concrete Construction; Demolition; Drainage; Earthwork; Fencing; Guardrail; Installation of Raised Pavement Markers; Landscaping; Other; Pavement Markings; Pavement Patching; Sawing Cutting; Seeding & Sodding; Signing; Soil Stabilization and Modification; Steel, Reinforcement (Rebar Placement); Traffic Control; Tree Trimming and Selective Tree Removal; Vegetation Spraying"
MAZA CONSTRUCTION CORPORATION,4515 S. Francisco Ave.,Chicago,IL,60632,872-600-0130,,,IDOT Subcontractor List (Dec 2025),17955,02/18/2026,Aggregate Bases and Surfaces; Fencing; Guardrail; Landscaping; Seeding & Sodding
"MCGINTY BROS., INC",3744 Cuba Road,Long Grove,IL,60047,847-438-5161,,,IDOT Subcontractor List (Dec 2025),17232,05/23/2026,Landscaping; Seeding & Sodding; Tree Trimming and Selective Tree Removal; Vegetation Spraying
MCPM CORP,"1528 bridle ln, (630)284-9510",Bartlett,IL,60103,,,,IDOT Subcontractor List (Dec 2025),16626,02/14/2026,Aggregate Bases and Surfaces; Concrete Construction; Demolition; Drainage; Landscaping; Other; Painting and Cleaning; Pavement Markings; Pavement Patching; Seeding & Sodding; Traffic Control; Tree Trimming and Selective Tree Removal
MERRITT TREE SERVICE,2366 LORRAINE DR,cahokia,IL,62206,(618) 332-9661,,,IDOT Subcontractor List (Dec 2025),18217,03/13/2026,Tree Trimming and Selective Tree Removal
"METROPOLITANCONSTRUCTION,LLC",1340 SPRING VALLEY DR,CAROL STREAM,IL,60188,(312) 399-5806,,,IDOT Subcontractor List (Dec 2025),13853,10/07/2026,"Aggregate Bases and Surfaces; Cold Milling, Planing and Roto Milling; Concrete Construction; Cover and Seal Coats; Demolition; Drainage; Earthwork; Erection; Fencing; Guardrail; Installation of Raised Pavement Markers; Landscaping; Other; Painting and Cleaning; Pavement Markings; Pavement Patching; Sawing Cutting; Seeding & Sodding; Signing; Soil Stabilization and Modification; Steel, Reinforcement (Rebar Placement); Traffic Control; Vegetation Spraying"
"MEURER BROTHERS, INC.",5031 FRANK SCOTT PARKWAY WEST,BELLEVILLE,IL,62223,(618) 234-8733,,,IDOT Subcontractor List (Dec 2025),15032,10/27/2026,Tree Trimming and Selective Tree Removal
MIDWEST ASPHALT CO.,510 W. 5TH STREET,TILTON,IL,61833,(217) 446-3350,,,IDOT Subcontractor List (Dec 2025),15079,02/10/2026,"Aggregate Bases and Surfaces; Cold Milling, Planing and Roto Milling; Concrete Construction; Cover and Seal Coats; Demolition; Drainage; Earthwork; Fencing; Other; Pavement Markings; Pavement Patching; Sawing Cutting; Seeding & Sodding; Soil Stabilization and Modification; Steel, Reinforcement (Rebar Placement); Tree Trimming and Selective Tree Removal"
"MIDWEST BRICKPAVING, INC.",18557 Stateline Road,Antioch,IL,60002,(847) 838-6550,,,IDOT Subcontractor List (Dec 2025),10537,09/18/2026,Landscaping; Other
MISSION READY CONTRACTING,1341 14th Street,Bethalto,IL,62010,(618) 216-2032,,,IDOT Subcontractor List (Dec 2025),18283,03/31/2026,Aggregate Bases and Surfaces; Concrete Construction; Demolition; Drainage; Earthwork; Sawing Cutting; Seeding & Sodding; Soil Stabilization and Modification; Tree Trimming and Selective Tree Removal
"MOSAIC ASSOCIATES, INCORPORATED",106 East Brookhaven Drive,Caseyville,IL,62232,330-327-2129,,,IDOT Subcontractor List (Dec 2025),17497,08/19/2026,Concrete Construction; Demolition; Drainage; Earthwork; Fencing; Tree Trimming and Selective Tree Removal
MOSE & SONS CONTRACTORS & DEVELOPER LLC,"399 Luella Avenue, (708)250-3743",Calumet City,IL,60409,,,,IDOT Subcontractor List (Dec 2025),16868,03/01/2026,Concrete Construction; Demolition; Fencing; Landscaping; Other; Painting and Cleaning; Sawing Cutting
"MUNIE TRENCHING & EXCAVATING, INC.",1818 Pine st,Highland,IL,62249,(618) 781-6452,,,IDOT Subcontractor List (Dec 2025),14536,02/26/2026,Aggregate Bases and Surfaces; Demolition; Drainage; Earthwork; Sawing Cutting; Seeding & Sodding; Soil Stabilization and Modification; Tree Trimming and Selective Tree Removal
"NATURAL CREATIONS LANDSCAPING, INC.",356 E. Bruce Street,Joliet,IL,60432,(815) 724-0991,,,IDOT Subcontractor List (Dec 2025),10310,06/09/2026,Earthwork; Landscaping; Other; Seeding & Sodding; Vegetation Spraying
NEXT CONTRACTING,312 Saint Clair Court,Freeburg,IL,62243,618-910-9468,,,IDOT Subcontractor List (Dec 2025),18099,06/05/2026,Demolition; Drainage; Earthwork; Fencing; Landscaping; Sawing Cutting; Seeding & Sodding; Soil Stabilization and Modification; Tree Trimming and Selective Tree Removal
"NORTHERN CONTRACTING, INC.",1851  Coltonville RD,Sycamore,IL,60178,(815) 895-5855,,,IDOT Subcontractor List (Dec 2025),13427,02/11/2026,Fencing; Guardrail; Landscaping; Other; Signing; Traffic Control
OAK BROS TREE CARE & REMOVAL LLC,14658 E 925 North Rd,Bloomington,IL,61705,(309) 212-8646,,,IDOT Subcontractor List (Dec 2025),17996,09/25/2026,Tree Trimming and Selective Tree Removal; Vegetation Spraying
OBRIEN CIVIL WORKS INC.,2963 W Mud Creek Road,Mt. Morris,IL,61054,(815) 734-7722,,,IDOT Subcontractor List (Dec 2025),13877,03/17/2026,"Aggregate Bases and Surfaces; Concrete Construction; Cover and Seal Coats; Demolition; Drainage; Earthwork; Guardrail; Landscaping; Pavement Patching; Sawing Cutting; Seeding & Sodding; Soil Stabilization and Modification; Steel, Reinforcement (Rebar Placement)"
ORO STONE LANDSCAPING,2532 River Road,River Grove,IL,60167,708-548-9414,,,IDOT Subcontractor List (Dec 2025),16342,02/14/2026,Landscaping
PANZARINO & SON CONSTRUCTION LLC,1520 Gilpen Ave.,South Elgin,IL,60177,(630) 364-8901,,,IDOT Subcontractor List (Dec 2025),16963,03/04/2026,Concrete Construction; Earthwork; Landscaping; Other; Pavement Patching
PARAMOUNT UTILITY & EXCAVATING SERVICE INC.,30846 N Highway 12 Unit C,Volo,IL,60073,(815) 861-6757,,,IDOT Subcontractor List (Dec 2025),18266,03/10/2026,Concrete Construction; Demolition; Drainage; Earthwork; Landscaping; Other
PARTRIDGE LANDSCAPING INC,1456 Tick Ridge Rd,Grand Chain,IL,62941,618-525-0603,,,IDOT Subcontractor List (Dec 2025),17812,10/19/2026,Earthwork; Landscaping; Other; Seeding & Sodding
"PESSINA TREE SERVICE, LLC",45W520 Jeter Road,Big Rock,IL,60511,(630) 556-3985,,,IDOT Subcontractor List (Dec 2025),14057,04/24/2026,Tree Trimming and Selective Tree Removal
PHILLIPS & SONS TREE SERVICE LLC,1300 N Woodland Ln,Germantown Hills,IL,61548,(309) 229-6611,,,IDOT Subcontractor List (Dec 2025),18344,06/04/2026,Landscaping; Tree Trimming and Selective Tree Removal
PHOENIX CORPORATION OF THE QUAD CITIES,1006 Rosehill Rd,Port Byron,IL,61275,(309) 523-3687,,,IDOT Subcontractor List (Dec 2025),13164,02/10/2026,Aggregate Bases and Surfaces; Concrete Construction; Demolition; Drainage; Earthwork; Other; Sawing Cutting; Soil Stabilization and Modification; Traffic Control; Tree Trimming and Selective Tree Removal
PINOY CONSTRUCTION INC,420 N. Mill St.,Harrisburg,IL,62946,(618) 841-7966,,,IDOT Subcontractor List (Dec 2025),14347,03/05/2026,"Aggregate Bases and Surfaces; Concrete Construction; Demolition; Drainage; Earthwork; Fencing; Installation of Raised Pavement Markers; Landscaping; Other; Painting and Cleaning; Pavement Markings; Pavement Patching; Sawing Cutting; Seeding & Sodding; Signing; Steel, Reinforcement (Rebar Placement); Traffic Control; Tree Trimming and Selective Tree Removal"
PIONEER LOGISTICS GROUP,"5343 Belleville Crossing Streeet, Suite 94",Swansea,IL,62226,(618) 266-2248,,,IDOT Subcontractor List (Dec 2025),18201,06/15/2026,Seeding & Sodding; Signing; Traffic Control
PORTER BROTHERS CONSTRUCTION INC,9904 Freeport Rd,Rock Falls,IL,61071,(815) 625-6206,,,IDOT Subcontractor List (Dec 2025),18308,09/19/2026,"Aggregate Bases and Surfaces; Cold Milling, Planing and Roto Milling; Concrete Construction; Cover and Seal Coats; Drainage; Earthwork; Pavement Patching; Seeding & Sodding; Soil Stabilization and Modification"
PRAIRIE RESTORATIONS. INC.,452 County Road 0 North,Sadorus,IL,61872,(217) 493-2407,,,IDOT Subcontractor List (Dec 2025),11451,03/03/2026,Earthwork; Landscaping; Seeding & Sodding; Soil Stabilization and Modification; Tree Trimming and Selective Tree Removal
PRAIRIE VIEW LANDSCAPING & LAWN CARE INC.,501 E Bell St,Bloomington,IL,61701,(309) 212-0205,,,IDOT Subcontractor List (Dec 2025),14125,02/18/2026,Landscaping; Seeding & Sodding; Tree Trimming and Selective Tree Removal
PRECISION CONCRETE & CONSTRUCTION INC.,1513 Ridge Road,Louisville,IL,62858,(217) 500-7055,,,IDOT Subcontractor List (Dec 2025),18073,03/05/2026,"Aggregate Bases and Surfaces; Concrete Construction; Demolition; Drainage; Earthwork; Fencing; Landscaping; Painting and Cleaning; Pavement Patching; Sawing Cutting; Seeding & Sodding; Signing; Steel, Reinforcement (Rebar Placement); Tree Trimming and Selective Tree Removal"
PRESSURE WASHING UNLIMITEDINC,3448 s western ave,Chicago,IL,60608,(773) 392-1500,,,IDOT Subcontractor List (Dec 2025),14889,08/05/2026,Demolition; Landscaping; Other; Painting and Cleaning; Tree Trimming and Selective Tree Removal
PROGRESSIVE CONSTRUCTION LLC,201 BELVIEW,NORMAL,IL,61761,(309) 825-2853,,,IDOT Subcontractor List (Dec 2025),17941,02/27/2026,Concrete Construction; Cover and Seal Coats; Demolition; Other; Sawing Cutting; Seeding & Sodding; Traffic Control
PROSPERITY PROPERTY SERVICES,1137 w 127th st Suite 400,Calumet Park,IL,60827,(773) 245-3446,,,IDOT Subcontractor List (Dec 2025),18390,08/08/2026,Demolition; Guardrail; Landscaping; Other; Painting and Cleaning
"R & R LANDSCAPING & IRRIGATION, INC.",2703 St Vincent's Avenue,La Salle,IL,61301,(815) 224-9370,,,IDOT Subcontractor List (Dec 2025),10367,06/28/2026,Aggregate Bases and Surfaces; Concrete Construction; Demolition; Drainage; Earthwork; Fencing; Guardrail; Installation of Raised Pavement Markers; Landscaping; Other; Seeding & Sodding; Signing; Soil Stabilization and Modification; Traffic Control; Tree Trimming and Selective Tree Removal; Vegetation Spraying
"R. G. S. CONSTRUCTION, INC.",2380 Cemetery Road,Morris,IL,60450,(815) 824-6742,,,IDOT Subcontractor List (Dec 2025),14537,07/01/2026,Aggregate Bases and Surfaces; Concrete Construction; Cover and Seal Coats; Drainage; Earthwork; Pavement Patching; Sawing Cutting; Soil Stabilization and Modification; Tree Trimming and Selective Tree Removal
"RAMIREZ DIVERSIFIED SERVICES, LLC","921 S Belt West, (618)416-5085",Belleville,IL,62220,,,,IDOT Subcontractor List (Dec 2025),15670,02/10/2026,"Aggregate Bases and Surfaces; Cold Milling, Planing and Roto Milling; Concrete Construction; Demolition; Drainage; Earthwork; Landscaping; Pavement Patching; Sawing Cutting; Seeding & Sodding; Steel, Reinforcement (Rebar Placement); Traffic Control"
RANEY HORTICULTURAL.  DBA.  RANEY TREE CARE,3100 48th Ave,Moline,IL,61265,(309) 792-8733,,,IDOT Subcontractor List (Dec 2025),17439,03/04/2026,Landscaping; Tree Trimming and Selective Tree Removal
RAPID TREE SERVICE,323 white av,Joliet,IL,60433,(815) 272-6095,,,IDOT Subcontractor List (Dec 2025),18383,07/30/2026,Landscaping; Seeding & Sodding; Tree Trimming and Selective Tree Removal
RAWSON EXCAVATING & DEMOLITION LLC,1308 Ava Rd,Murphysboro,IL,62966,(618) 684-8385,,,IDOT Subcontractor List (Dec 2025),18300,04/22/2026,Aggregate Bases and Surfaces; Concrete Construction; Demolition; Drainage; Earthwork; Landscaping; Sawing Cutting; Seeding & Sodding; Soil Stabilization and Modification; Tree Trimming and Selective Tree Removal
RAY'S MOWING AND BACKHOE SERVICE,1016 East Main Street,Fairfield,IL,62837-2289,(618) 838-3855,,,IDOT Subcontractor List (Dec 2025),17671,02/11/2026,Aggregate Bases and Surfaces; Demolition; Drainage; Earthwork; Landscaping; Seeding & Sodding; Soil Stabilization and Modification; Tree Trimming and Selective Tree Removal
"RECON LAND MANAGEMENT, LLC",PO Box 255,Iuka,IL,62849,(618) 312-1425,,,IDOT Subcontractor List (Dec 2025),18363,07/01/2026,Tree Trimming and Selective Tree Removal
"REID LANDSCAPE, INC.","8124 W. 188th Street,  Suite B",Mokena,IL,60448,(708) 364-8363,,,IDOT Subcontractor List (Dec 2025),10901,02/10/2026,Landscaping; Seeding & Sodding; Vegetation Spraying
REIN LANDSCAPING LLC,207 Green Street,Saint Joseph,IL,61873,(217) 552-8480,,,IDOT Subcontractor List (Dec 2025),18275,03/24/2026,Demolition; Earthwork; Landscaping; Seeding & Sodding; Tree Trimming and Selective Tree Removal
"RELIABLE LANDSCAPING, LLC",P.O. Box 479,Plainfield,IL,60544,(815) 556-9170,,,IDOT Subcontractor List (Dec 2025),16325,02/25/2026,Landscaping; Other; Seeding & Sodding; Tree Trimming and Selective Tree Removal
"ROADWORKS, LLC",12068 Old Frankfort Rd.,Marion,IL,62959,(844) 842-8400,,,IDOT Subcontractor List (Dec 2025),15518,03/06/2026,Aggregate Bases and Surfaces; Demolition; Drainage; Earthwork; Other; Seeding & Sodding; Traffic Control
ROSEWOOD LANDSCAPING INC.,P O Box 40,Crete,IL,60417,(708) 946-9466,,,IDOT Subcontractor List (Dec 2025),10466,02/28/2026,Landscaping
"ROY ERIKSON OUTDOOR MAINTENANCE, INC.",4430 W.137th Pl,Crestwood,IL,60418,(708) 774-3837,,,IDOT Subcontractor List (Dec 2025),10934,02/11/2026,Landscaping
ROZCO CONSTRUCTION INC,1921 Marigold  Ln,Hanover Park,IL,60133,(224) 245-2148,,,IDOT Subcontractor List (Dec 2025),17514,02/20/2026,Fencing; Landscaping; Seeding & Sodding; Tree Trimming and Selective Tree Removal; Vegetation Spraying
"RUBEN E. SMITH CONST. AND R&R, INC.",422 N Kennedy Drive,Bradley,IL,60915,(815) 933-8734,,,IDOT Subcontractor List (Dec 2025),15634,02/27/2026,Aggregate Bases and Surfaces; Concrete Construction; Demolition; Drainage; Earthwork; Seeding & Sodding
RUIZSCAPE CONSTRUCTION INC.,43w471 Bahr Road,Hampshire,IL,60140,847 754-5427,,,IDOT Subcontractor List (Dec 2025),16843,03/05/2026,Earthwork; Landscaping; Seeding & Sodding; Tree Trimming and Selective Tree Removal; Vegetation Spraying
RULA'S ENTERPRISES CO.,1030 S. La Grange Suite 4,La Grange,IL,60525,(708) 243-4293,,,IDOT Subcontractor List (Dec 2025),14070,03/03/2026,Concrete Construction; Drainage; Landscaping; Other; Sawing Cutting
"S.K. DAVISON, INC.","111 S. Peoria Street, P.O. Box 154",New Holland,IL,62671,217-445-2509,,,IDOT Subcontractor List (Dec 2025),16163,02/28/2026,Demolition; Landscaping; Other
SALLENGER INCORPORATED,10950 Palm Road,Glenarm,IL,62536,(217) 726-9500,,,IDOT Subcontractor List (Dec 2025),12094,07/17/2026,Aggregate Bases and Surfaces; Demolition; Drainage; Earthwork; Soil Stabilization and Modification; Tree Trimming and Selective Tree Removal
"SAVVY INVESTMENT SOLUTIONS, LLC","8432 S Mackinaw Ave., Unit 2",Chicago,IL,60617,(312) 823-0282,,,IDOT Subcontractor List (Dec 2025),18235,03/04/2026,Demolition; Landscaping; Seeding & Sodding
"SEASONAL CONCEPTS COMMERCIAL SERVICES, LLC",33W802 S. Gilbert Street,South Elgin,IL,60177,630-816-9849,,,IDOT Subcontractor List (Dec 2025),17973,04/25/2026,Landscaping; Seeding & Sodding
"SEASONAL CONCEPTS, INC",33W800 S. Gilbert St.,South Elgin,IL,60177,630-816-9849,,,IDOT Subcontractor List (Dec 2025),17018,04/25/2026,Landscaping; Seeding & Sodding
SEASONS LANDSCAPE,18141 Briggs Street,Joliet,IL,60432,(815) 723-0200,,,IDOT Subcontractor List (Dec 2025),12616,02/11/2026,Landscaping; Seeding & Sodding
SHEARER TREE SERVICE LLC,P. O. BOX 52,OGLESBY,IL,61348,815-223-8733,,,IDOT Subcontractor List (Dec 2025),14517,09/16/2026,Tree Trimming and Selective Tree Removal
SMITH MAINTENANCE COMPANY,"2221 W Walnut St., Suite #2",Chicago,IL,60612,(312) 733-4301,,,IDOT Subcontractor List (Dec 2025),14412,02/27/2026,Landscaping; Other; Pavement Markings; Traffic Control
"SMITTY'S TREE SERVICE, INC.",12736 S. Ridgeway,Alsip,IL,60803,(708) 385-2814,,,IDOT Subcontractor List (Dec 2025),10468,03/13/2026,Tree Trimming and Selective Tree Removal
SPECIALIZED CONSTRUCTION AND UTILITY CORP,206 Mulberry Street,Coleta,IL,61081,(815) 336-9999,,,IDOT Subcontractor List (Dec 2025),11741,02/17/2026,Aggregate Bases and Surfaces; Demolition; Drainage; Earthwork; Landscaping; Soil Stabilization and Modification
"STEVE PIPER & SONS, INC.",31W320 Ramm Drive,Naperville,IL,60564,(630) 898-6050,,,IDOT Subcontractor List (Dec 2025),12276,10/23/2026,Tree Trimming and Selective Tree Removal
"SUE A. MEYERS, INC.",629 North Main Street,Wayne City,IL,62895,(618) 895-7200,,,IDOT Subcontractor List (Dec 2025),16355,02/19/2026,Aggregate Bases and Surfaces; Demolition; Fencing; Landscaping; Other; Seeding & Sodding
SUPERIOR ENTERPRISES INC,6615 Grand Ave,Gurnee,IL,60031,(224) 321-4462,,,IDOT Subcontractor List (Dec 2025),18106,06/23/2026,Aggregate Bases and Surfaces; Concrete Construction; Cover and Seal Coats; Demolition; Drainage; Earthwork; Fencing; Guardrail; Installation of Raised Pavement Markers; Landscaping; Other; Pavement Patching; Sawing Cutting; Seeding & Sodding; Soil Stabilization and Modification; Tree Trimming and Selective Tree Removal; Vegetation Spraying
SVJ ENTERPRISES PLLC,125 s Wacker Dr #300,Chicago,IL,60606,(773) 654-8874,,,IDOT Subcontractor List (Dec 2025),18396,08/15/2026,Concrete Construction; Demolition; Fencing; Installation of Raised Pavement Markers; Landscaping; Other; Painting and Cleaning; Tree Trimming and Selective Tree Removal
SYNC COMMUNICATION INC,535 E Lane Drive,Villa Park,IL,60181,(773) 887-4494,,,IDOT Subcontractor List (Dec 2025),18152,02/10/2026,Electrical; Other; Tree Trimming and Selective Tree Removal
SYNC UTILITIES LLC,535 E Lane Drive,Villa Park,IL,60181,(773) 887-4494,,,IDOT Subcontractor List (Dec 2025),17852,02/10/2026,Demolition; Electrical; Tree Trimming and Selective Tree Removal
T&T RESTORATION CONSTRUCTION,"847 South Randall Rd, 334",Elgin,IL,60123,(630) 549-9193,,,IDOT Subcontractor List (Dec 2025),17096,03/11/2026,Landscaping
T. STEELE CONSTRUCTION INC.,8300 42nd Street West,Rock Island,IL,61201,(309) 756-5520,,,IDOT Subcontractor List (Dec 2025),11281,02/13/2026,"Aggregate Bases and Surfaces; Concrete Construction; Demolition; Drainage; Electrical; Erection; Fencing; Landscaping; Painting and Cleaning; Sawing Cutting; Seeding & Sodding; Soil Stabilization and Modification; Steel, Reinforcement (Rebar Placement); Tree Trimming and Selective Tree Removal"
"TALLGRASS RESTORATION, LLC",2221 Hammond Drive,Schaumburg,IL,60173,(847) 925-9830,,,IDOT Subcontractor List (Dec 2025),12932,02/10/2026,Landscaping; Seeding & Sodding; Vegetation Spraying
TAT ENTERPRISES INC,16602 Marengo Road,Union,IL,60180,(847) 874-8279,,,IDOT Subcontractor List (Dec 2025),16759,03/31/2026,"Aggregate Bases and Surfaces; Cold Milling, Planing and Roto Milling; Cover and Seal Coats; Earthwork; Landscaping; Pavement Markings; Pavement Patching; Seeding & Sodding"
TERRY'S BERRIES. INC.,6900 Dogtown Ln,Elmwood,IL,61529,309-678-4310,,,IDOT Subcontractor List (Dec 2025),11006,05/22/2026,"Aggregate Bases and Surfaces; Cold Milling, Planing and Roto Milling; Drainage; Earthwork; Landscaping; Other; Pavement Patching"
THE PIPCO COMPANIES. LTD.,1409 W. Altorfer Drive,Peoria,IL,61615,(309) 692-4060,,,IDOT Subcontractor List (Dec 2025),11758,02/12/2026,Demolition; Drainage; Earthwork; Other; Sawing Cutting; Seeding & Sodding; Signing; Traffic Control
THORNTON EQUIPMENT SERVICES. INC.,530 THORNHOUSE CRES,New lenox,IL,60448,(773) 865-0634,,,IDOT Subcontractor List (Dec 2025),11314,05/01/2026,Earthwork; Installation of Raised Pavement Markers; Landscaping; Soil Stabilization and Modification
TREE BROTHERS TREE SERVICE,611 North Ave,Panama,IL,62077,(217) 313-8577,,,IDOT Subcontractor List (Dec 2025),17846,05/14/2026,Tree Trimming and Selective Tree Removal
"TREES ""R"" US, INC.",27881 W Sullivan Lake,Ingleside,IL,60084,(847) 913-9069,,,IDOT Subcontractor List (Dec 2025),16236,09/22/2026,Landscaping; Seeding & Sodding; Tree Trimming and Selective Tree Removal
TRINE CONSTRUCTION CORP.,"1041 TRINE Ct., SUITE A",ST CHARLES,IL,60174,(630) 668-4626,,,IDOT Subcontractor List (Dec 2025),13882,02/10/2026,Earthwork; Landscaping; Other; Seeding & Sodding
"TROPICAL ENVIRONMENTAL, INC.",1350 Chase St.,Algonquin,IL,60102,(847) 658-2900,,,IDOT Subcontractor List (Dec 2025),12546,02/25/2026,Demolition; Landscaping; Other
"UNITED IRONWORKERS, INC. DBA UNITED RAIL & FENCE",1005 W Broadway,Steeleville,IL,62288,(618) 965-2222,,,IDOT Subcontractor List (Dec 2025),16444,05/21/2026,"Fencing; Guardrail; Installation of Raised Pavement Markers; Landscaping; Signing; Steel, Reinforcement (Rebar Placement)"
V & H PAVING INC,3345 Resource Pkwy #D3,DEKALB,IL,60115,(815) 217-5965,,,IDOT Subcontractor List (Dec 2025),18146,02/12/2026,Aggregate Bases and Surfaces; Cover and Seal Coats; Landscaping; Pavement Patching; Seeding & Sodding
"VALOR CONSTRUCTION SERVICES, INC.","16725 Richmond Avenue, Unit 6",Hazel Crest,IL,60429,(219) 306-2558,,,IDOT Subcontractor List (Dec 2025),17926,02/13/2026,Aggregate Bases and Surfaces; Concrete Construction; Demolition; Drainage; Earthwork; Installation of Raised Pavement Markers; Landscaping; Pavement Patching; Seeding & Sodding; Soil Stabilization and Modification; Traffic Control
"VETERAN ELITE DEVELOPMENT & CONSTRUCTION, LLC",213 W St. Louis St,Lebanon,IL,62254,618-641-1294,,,IDOT Subcontractor List (Dec 2025),18094,12/05/2026,"Aggregate Bases and Surfaces; Cold Milling, Planing and Roto Milling; Concrete Construction; Cover and Seal Coats; Demolition; Drainage; Earthwork; Electrical; Erection; Fencing; Guardrail; Installation of Raised Pavement Markers; Landscaping; Painting and Cleaning; Pavement Markings; Pavement Patching; Sawing Cutting; Seeding & Sodding; Signing; Soil Stabilization and Modification; Steel, Reinforcement (Rebar Placement); Traffic Control; Tree Trimming and Selective Tree Removal; Vegetation Spraying"
VIDAL SNOW SYSTEM CORP.,1070 DUNDEE AVE STE E,EAST DUNDEE,IL,60118,(815) 491-4644,,,IDOT Subcontractor List (Dec 2025),18432,10/30/2026,Landscaping; Seeding & Sodding
"VIRIDIAN ENTERPRISES, INC",3810 W. Addison St.,Chicago,IL,60618,(773) 799-9693,,,IDOT Subcontractor List (Dec 2025),14218,09/09/2026,"Aggregate Bases and Surfaces; Cold Milling, Planing and Roto Milling; Concrete Construction; Demolition; Drainage; Earthwork; Landscaping; Other; Seeding & Sodding; Soil Stabilization and Modification"
"VITAL GROUP, INC.",6501 N 5000e Rd,Manteno,IL,60950,(815) 735-8625,,,IDOT Subcontractor List (Dec 2025),17297,08/20/2026,Aggregate Bases and Surfaces; Earthwork; Fencing; Landscaping; Seeding & Sodding; Soil Stabilization and Modification; Tree Trimming and Selective Tree Removal; Vegetation Spraying
WADSWORTH GOLF CONSTRUCTION COMPANY OF THE MIDWEST,13941 S. VAN DYKE ROAD,PLAINFIELD,IL,60544,(815) 436-8400,,,IDOT Subcontractor List (Dec 2025),17318,04/04/2026,Earthwork; Landscaping
WARRIOR ONE TRUCKING LLC,3742 W 70TH Place,Chicago,IL,60629,708-296-1609,,,IDOT Subcontractor List (Dec 2025),17875,03/15/2026,Aggregate Bases and Surfaces; Concrete Construction; Demolition; Earthwork; Electrical; Landscaping; Other; Pavement Patching
WESTERN UTILITY LLC D/B/A HYLAN,2656 Palmer Ave,University Park,IL,60484,(630) 514-1052,,,IDOT Subcontractor List (Dec 2025),15667,03/06/2026,Earthwork; Electrical; Other; Sawing Cutting; Seeding & Sodding
WILDE EARTH WORKS LLC,17604e 2950n rd,Alvin,IL,61811,(217) 799-7262,,,IDOT Subcontractor List (Dec 2025),17517,02/10/2026,Concrete Construction; Demolition; Drainage; Other; Seeding & Sodding
XTREME SEEDING. INC,1304 Parker Avenue,Effingham,IL,62401,217-347-7337,,,IDOT Subcontractor List (Dec 2025),11740,03/03/2026,Landscaping; Other; Seeding & Sodding
YAD CONSTRUCTION LLC,"101 Marion Suite 203, (1312) 428-6349",Chicago,IL,60301,,,,IDOT Subcontractor List (Dec 2025),17870,04/28/2026,"Concrete Construction; Cover and Seal Coats; Demolition; Drainage; Earthwork; Electrical; Fencing; Guardrail; Installation of Raised Pavement Markers; Landscaping; Painting and Cleaning; Pavement Markings; Pavement Patching; Sawing Cutting; Seeding & Sodding; Signing; Steel, Reinforcement (Rebar Placement); Tree Trimming and Selective Tree Removal; Vegetation Spraying"
"YORK CONSTRUCTION & MANAGEMENT SERVICES, LLC.","902 S. Randall Road, Suite C-277",Saint Charles,IL,60174,(773) 823-1831,,,IDOT Subcontractor List (Dec 2025),16116,03/05/2026,Concrete Construction; Earthwork; Electrical; Fencing; Guardrail; Landscaping; Other; Painting and Cleaning; Sawing Cutting; Seeding & Sodding; Traffic Control; Tree Trimming and Selective Tree Removal
"ZADE, LLC",2010 Martin Luther King Drive,East St. Louis,IL,62205,618-857-8444,,,IDOT Subcontractor List (Dec 2025),17090,02/18/2026,"Aggregate Bases and Surfaces; Concrete Construction; Demolition; Drainage; Earthwork; Fencing; Guardrail; Landscaping; Pavement Patching; Seeding & Sodding; Soil Stabilization and Modification; Steel, Reinforcement (Rebar Placement); Tree Trimming and Selective Tree Removal"
Christy Webber Landscapes,,Chicago,IL,60612,,,,SICCode.com NAICS 561730,,,Landscaping Services (NAICS 561730)
ILT Vignocchi,,Wauconda,IL,60084,,,,SICCode.com NAICS 561730,,,Landscaping Services (NAICS 561730)
Border Magic,,Rantoul,IL,61866,,,,SICCode.com NAICS 561730,,,Landscaping Services (NAICS 561730)
Mariani Landscape,,Lake Bluff,IL,60044,,,,SICCode.com NAICS 561730,,,Landscaping Services (NAICS 561730)
Scott Byron And Co Inc,,Lake Bluff,IL,60044,,,,SICCode.com NAICS 561730,,,Landscaping Services (NAICS 561730)
Nelson Tree Service Inc,,Frankfort,IL,60423,,,,SICCode.com NAICS 561730,,,Landscaping Services (NAICS 561730)
Rocco Fiore And Sons Inc,,Libertyville,IL,60048,,,,SICCode.com NAICS 561730,,,Landscaping Services (NAICS 561730)
"Classic Landscape, Ltd",,West Chicago,IL,60185,,,,SICCode.com NAICS 561730,,,Landscaping Services (NAICS 561730)
